{
    ".\\IDEA配置.md": [
        1587853172.7436008,
        3693
    ],
    ".\\关于作笔记这件事.md": [
        1587853172.749967,
        425
    ],
    ".\\微软.NET工程师面试.md": [
        1587853172.753979,
        3738
    ],
    ".\\1.数学基础\\1.简单测试题.md": [
        1588750345.4260652,
        1993
    ],
    ".\\1.数学基础\\2.微积分.md": [
        1588750345.42807,
        829
    ],
    ".\\1.数学基础\\3.线性代数与矩阵论.md": [
        1588750345.4310787,
        208
    ],
    ".\\1.数学基础\\4.概率论与数理统计.md": [
        1588750345.433084,
        1863
    ],
    ".\\1.数学基础\\5.最优化.md": [
        1588750345.435094,
        2855
    ],
    ".\\1.数学基础\\最小二乘法.md": [
        1588750345.442108,
        46
    ],
    ".\\1.数学基础\\极大似然估计.md": [
        1588750345.4521346,
        157
    ],
    ".\\1.数学基础\\统计中的各种差.md": [
        1588750345.4551435,
        8102
    ],
    ".\\1.数学基础\\最小方差无偏估计.md": [
        1588750345.4571483,
        21
    ],
    ".\\10.Python\\1.Python基础之数据类型.md": [
        1588750345.4741938,
        35
    ],
    ".\\10.Python\\2.Python基础之面向对象.md": [
        1588750345.4772012,
        35
    ],
    ".\\10.Python\\3.Python基础之常用类库.md": [
        1588750345.4802089,
        35
    ],
    ".\\10.Python\\4.Python基础之技巧.md": [
        1588750345.4822147,
        31
    ],
    ".\\10.Python\\5.Python基础之多线程.md": [
        1588750345.488232,
        33
    ],
    ".\\10.Python\\6.Python之爬虫.md": [
        1588750345.4912386,
        27
    ],
    ".\\11.Java\\1.Java基础之数据类型.md": [
        1588750345.4942467,
        79
    ],
    ".\\11.Java\\2.Java基础之面向对象.md": [
        1588750345.5022686,
        94
    ],
    ".\\11.Java\\3.Java基础之集合.md": [
        1588750345.506279,
        80
    ],
    ".\\11.Java\\4.Java基础之泛型.md": [
        1588750345.511294,
        37
    ],
    ".\\11.Java\\5.Java基础之常用类库.md": [
        1588750345.5143006,
        132
    ],
    ".\\11.Java\\6.Java基础之多线程.md": [
        1588750345.5266805,
        41
    ],
    ".\\12.数据结构\\1.线性表.md": [
        1588750345.5412192,
        15
    ],
    ".\\12.数据结构\\2.数组.md": [
        1588750345.5442271,
        13
    ],
    ".\\12.数据结构\\3.字符串.md": [
        1588750345.547737,
        15
    ],
    ".\\12.数据结构\\4.树.md": [
        1588750345.5542562,
        11
    ],
    ".\\12.数据结构\\5.查找.md": [
        1588750345.557262,
        13
    ],
    ".\\12.数据结构\\6.排序.md": [
        1588750345.5597682,
        13
    ],
    ".\\12.数据结构\\7.图.md": [
        1588750345.5622752,
        11
    ],
    ".\\12.数据结构\\8.堆.md": [
        1588750345.5647824,
        11
    ],
    ".\\12.数据结构\\9.高级数据结构.md": [
        1588750345.5718045,
        21
    ],
    ".\\13.算法\\1.算法分析.md": [
        1588750345.576814,
        8624
    ],
    ".\\13.算法\\2.分治递归.md": [
        1588750345.5793207,
        17
    ],
    ".\\13.算法\\3.贪心.md": [
        1588750345.5843344,
        11
    ],
    ".\\13.算法\\4.动态规划.md": [
        1588750345.5908513,
        18
    ],
    ".\\13.算法\\5.回溯法.md": [
        1588750345.5933576,
        1166
    ],
    ".\\13.算法\\6.分支界定法.md": [
        1588750345.595868,
        20
    ],
    ".\\13.算法\\7.随机化算法.md": [
        1588750345.5983713,
        19
    ],
    ".\\13.算法\\8.摊还分析.md": [
        1588750345.6043894,
        17
    ],
    ".\\14.Leetcode刷题笔记\\10.滑动窗口.md": [
        1587864792.4539943,
        396
    ],
    ".\\14.Leetcode刷题笔记\\14.前缀积后缀积.md": [
        1587864792.456501,
        693
    ],
    ".\\14.Leetcode刷题笔记\\160. 相交链表.md": [
        1587864792.4625194,
        1747
    ],
    ".\\14.Leetcode刷题笔记\\189. 旋转数组.md": [
        1587864792.4665298,
        888
    ],
    ".\\14.Leetcode刷题笔记\\437. 路径总和 III.md": [
        1587864792.4685347,
        1046
    ],
    ".\\14.Leetcode刷题笔记\\538. 把二叉搜索树转换为累加树.md": [
        1587864792.4705403,
        954
    ],
    ".\\14.Leetcode刷题笔记\\581. 最短无序连续子数组.md": [
        1587864792.4735498,
        705
    ],
    ".\\14.Leetcode刷题笔记\\1114. 按序打印.md": [
        1587864792.4804368,
        1464
    ],
    ".\\14.Leetcode刷题笔记\\1185. 一周中的第几天.md": [
        1587864792.484447,
        1903
    ],
    ".\\15.其他笔记\\1.《数学之美》吴军.md": [
        1588750345.64701,
        25
    ],
    ".\\15.其他笔记\\2.《集体智慧编程》.md": [
        1588750345.6490152,
        25
    ],
    ".\\15.其他笔记\\3.《推荐系统实践》项亮.md": [
        1588750345.656533,
        29
    ],
    ".\\15.其他笔记\\4.《编程珠玑》(第2版).md": [
        1588750345.6590393,
        31
    ],
    ".\\15.其他笔记\\5.《剑指Offer》.md": [
        1588750345.661547,
        27
    ],
    ".\\15.其他笔记\\6.Linux.md": [
        1588750345.6645544,
        2211
    ],
    ".\\15.其他笔记\\7.Git.md": [
        1588750345.6720746,
        15
    ],
    ".\\15.其他笔记\\8.正则表达式.md": [
        1588750345.6760848,
        19
    ],
    ".\\15.其他笔记\\9.Hadoop.md": [
        1588750345.6785917,
        21
    ],
    ".\\15.其他笔记\\10.Spark.md": [
        1588750345.6816008,
        21
    ],
    ".\\15.其他笔记\\11.《算法分析导论》.md": [
        1588750345.6891193,
        27
    ],
    ".\\15.其他笔记\\12.《数据科学入门》.md": [
        1588750345.6916313,
        27
    ],
    ".\\2.吴恩达2014机器学习\\4.我的笔记\\Lecture1(Introduction).md": [
        1588750345.7093644,
        795
    ],
    ".\\2.吴恩达2014机器学习\\4.我的笔记\\Lecture2(Linear regression with one variable).md": [
        1588750345.7123842,
        1364
    ],
    ".\\3.吴恩达CS229\\3.我的笔记\\(11)独立成分分析.md": [
        1588750345.7244048,
        11875
    ],
    ".\\3.吴恩达CS229\\3.我的笔记\\独立成分分析(ICA)与主成分分析(PCA)的区别.md": [
        1588750345.7269113,
        416
    ],
    ".\\4.卿来云2017机器学习\\第1章：机器学习简介.md": [
        1588750345.7304208,
        3171
    ],
    ".\\4.卿来云2017机器学习\\第2章：第一个机器学习实例.md": [
        1588750345.7349346,
        6786
    ],
    ".\\4.卿来云2017机器学习\\第3章：Logistic回归分析及神经网络.md": [
        1588750345.738943,
        1813
    ],
    ".\\4.卿来云2017机器学习\\第4章：支持向量机(SVM).md": [
        1588750345.7409496,
        510
    ],
    ".\\4.卿来云2017机器学习\\第5章：降维与矩阵分解.md": [
        1588750345.7439587,
        131
    ],
    ".\\4.卿来云2017机器学习\\第6章：聚类.md": [
        1588750345.7459638,
        136
    ],
    ".\\4.卿来云2017机器学习\\第7章：特征工程.md": [
        1588750345.7489715,
        11
    ],
    ".\\4.卿来云2017机器学习\\第8章：决策树及基于树的集成模型：随机森林.md": [
        1588750345.755972,
        24
    ],
    ".\\4.卿来云2017机器学习\\第9章：梯度提升决策树（GBDT）.md": [
        1588750345.7574756,
        20
    ],
    ".\\4.卿来云2017机器学习\\第10章：梯度提升决策树（GBDT）二.md": [
        1588750345.7589796,
        22
    ],
    ".\\4.卿来云2017机器学习\\第11章：推荐系统与广告点击率（CTR）预估.md": [
        1588750345.7599826,
        127
    ],
    ".\\4.卿来云2017机器学习\\第12章：广告点击率（CTR）预估和模型融合.md": [
        1588750345.7629898,
        25
    ],
    ".\\5.李航《统计机器学习》\\第1章 统计学习方法概论.md": [
        1588750345.7650049,
        9460
    ],
    ".\\5.李航《统计机器学习》\\第2章 感知机.md": [
        1588750345.7715127,
        426
    ],
    ".\\5.李航《统计机器学习》\\第3章 k近邻法.md": [
        1588750345.7745297,
        354
    ],
    ".\\5.李航《统计机器学习》\\第4章 朴素贝叶斯法.md": [
        1588750345.7775288,
        558
    ],
    ".\\5.李航《统计机器学习》\\第5章 决策树.md": [
        1588750345.7825427,
        515
    ],
    ".\\5.李航《统计机器学习》\\第6章 逻辑斯蒂回归与最大熵模型.md": [
        1588750345.7900672,
        638
    ],
    ".\\5.李航《统计机器学习》\\第7章 支持向量机.md": [
        1588750345.7930737,
        819
    ],
    ".\\5.李航《统计机器学习》\\第8章 提升方法.md": [
        1588750345.7955763,
        521
    ],
    ".\\5.李航《统计机器学习》\\第9章 EM算法及其推广.md": [
        1588750345.7975817,
        613
    ],
    ".\\5.李航《统计机器学习》\\第10章 隐马尔可夫模型.md": [
        1588750345.8041,
        593
    ],
    ".\\5.李航《统计机器学习》\\第11章 条件随机场.md": [
        1588750345.806107,
        691
    ],
    ".\\5.李航《统计机器学习》\\第12章 统计学习方法总结.md": [
        1588750345.8101182,
        185
    ],
    ".\\6.周志华《机器学习》\\第1章 绪论.md": [
        1588750345.8171866,
        235
    ],
    ".\\6.周志华《机器学习》\\第2章 模型评估与选择.md": [
        1588750345.82385,
        234
    ],
    ".\\6.周志华《机器学习》\\第3章 线性模型.md": [
        1588750345.8268573,
        248
    ],
    ".\\6.周志华《机器学习》\\第4章 决策树.md": [
        1588750345.8298662,
        230
    ],