{".\\\u5173\u4e8e\u4f5c\u7b14\u8bb0\u8fd9\u4ef6\u4e8b.md": 1577375506.2320745, ".\\\u5fae\u8f6f.NET\u5de5\u7a0b\u5e08\u9762\u8bd5.md": 1577375506.2385848, ".\\1.\u6570\u5b66\u57fa\u7840\\1.\u7b80\u5355\u6d4b\u8bd5\u9898.md": 1577375506.8186278, ".\\1.\u6570\u5b66\u57fa\u7840\\2.\u5fae\u79ef\u5206.md": 1577375506.8211496, ".\\1.\u6570\u5b66\u57fa\u7840\\3.\u7ebf\u6027\u4ee3\u6570.md": 1577375506.8286545, ".\\1.\u6570\u5b66\u57fa\u7840\\4.\u6982\u7387\u8bba\u4e0e\u6570\u7406\u7edf\u8ba1.md": 1577375506.8311613, ".\\1.\u6570\u5b66\u57fa\u7840\\5.\u6700\u4f18\u5316.md": 1577375506.8351717, ".\\1.\u6570\u5b66\u57fa\u7840\\\u6700\u5c0f\u4e8c\u4e58\u6cd5.md": 1577375506.8376784, ".\\1.\u6570\u5b66\u57fa\u7840\\\u6781\u5927\u4f3c\u7136\u4f30\u8ba1.md": 1577375506.8431935, ".\\1.\u6570\u5b66\u57fa\u7840\\\u7edf\u8ba1\u4e2d\u7684\u5404\u79cd\u5dee.md": 1577375506.847204, ".\\1.\u6570\u5b66\u57fa\u7840\\\u6700\u5c0f\u65b9\u5dee\u65e0\u504f\u4f30\u8ba1.md": 1577375506.849711, ".\\10.Python\\1.Python\u57fa\u7840\u4e4b\u6570\u636e\u7c7b\u578b.md": 1577375506.8522177, ".\\10.Python\\2.Python\u57fa\u7840\u4e4b\u9762\u5411\u5bf9\u8c61.md": 1577375506.8547235, ".\\10.Python\\3.Python\u57fa\u7840\u4e4b\u5e38\u7528\u7c7b\u5e93.md": 1577375506.862244, ".\\10.Python\\4.Python\u57fa\u7840\u4e4b\u6280\u5de7.md": 1577375506.866756, ".\\10.Python\\5.Python\u57fa\u7840\u4e4b\u591a\u7ebf\u7a0b.md": 1577375506.8697782, ".\\10.Python\\6.Python\u4e4b\u722c\u866b.md": 1577375506.878287, ".\\11.Java\\1.Java\u57fa\u7840\u4e4b\u6570\u636e\u7c7b\u578b.md": 1577375506.8838012, ".\\11.Java\\2.Java\u57fa\u7840\u4e4b\u9762\u5411\u5bf9\u8c61.md": 1577375506.885807, ".\\11.Java\\3.Java\u57fa\u7840\u4e4b\u96c6\u5408.md": 1577375506.8883128, ".\\11.Java\\4.Java\u57fa\u7840\u4e4b\u6cdb\u578b.md": 1577375506.8958337, ".\\11.Java\\5.Java\u57fa\u7840\u4e4b\u5e38\u7528\u7c7b\u5e93.md": 1577375506.8988554, ".\\11.Java\\6.Java\u57fa\u7840\u4e4b\u591a\u7ebf\u7a0b.md": 1577375506.9013484, ".\\12.\u6570\u636e\u7ed3\u6784\\1.\u7ebf\u6027\u8868.md": 1577375506.9073675, ".\\12.\u6570\u636e\u7ed3\u6784\\2.\u6570\u7ec4.md": 1577375506.9153857, ".\\12.\u6570\u636e\u7ed3\u6784\\3.\u5b57\u7b26\u4e32.md": 1577375506.9173906, ".\\12.\u6570\u636e\u7ed3\u6784\\4.\u6811.md": 1577375506.9198985, ".\\12.\u6570\u636e\u7ed3\u6784\\5.\u67e5\u627e.md": 1577375506.9259145, ".\\12.\u6570\u636e\u7ed3\u6784\\6.\u6392\u5e8f.md": 1577375506.930927, ".\\12.\u6570\u636e\u7ed3\u6784\\7.\u56fe.md": 1577375506.9334333, ".\\12.\u6570\u636e\u7ed3\u6784\\8.\u5806.md": 1577375506.9369435, ".\\12.\u6570\u636e\u7ed3\u6784\\9.\u9ad8\u7ea7\u6570\u636e\u7ed3\u6784.md": 1577375506.9434605, ".\\13.\u7b97\u6cd5\\1.\u7b97\u6cd5\u5206\u6790.md": 1577375506.9474702, ".\\13.\u7b97\u6cd5\\2.\u5206\u6cbb\u9012\u5f52.md": 1577375506.9499774, ".\\13.\u7b97\u6cd5\\3.\u8d2a\u5fc3.md": 1577375506.9534862, ".\\13.\u7b97\u6cd5\\4.\u52a8\u6001\u89c4\u5212.md": 1577375506.9620097, ".\\13.\u7b97\u6cd5\\5.\u56de\u6eaf\u6cd5.md": 1577375506.9655182, ".\\13.\u7b97\u6cd5\\6.\u5206\u652f\u754c\u5b9a\u6cd5.md": 1577375506.9670222, ".\\13.\u7b97\u6cd5\\7.\u968f\u673a\u5316\u7b97\u6cd5.md": 1577375506.9700305, ".\\13.\u7b97\u6cd5\\8.\u644a\u8fd8\u5206\u6790.md": 1577375506.9765475, ".\\14.Leetcode\u5237\u9898\u7b14\u8bb0\\10.\u6ed1\u52a8\u7a97\u53e3.md": 1577375506.98106, ".\\14.Leetcode\u5237\u9898\u7b14\u8bb0\\14.\u524d\u7f00\u79ef\u540e\u7f00\u79ef.md": 1577375506.984572, ".\\14.Leetcode\u5237\u9898\u7b14\u8bb0\\160. \u76f8\u4ea4\u94fe\u8868.md": 1577375506.9865746, ".\\14.Leetcode\u5237\u9898\u7b14\u8bb0\\189. \u65cb\u8f6c\u6570\u7ec4.md": 1577375506.9935937, ".\\14.Leetcode\u5237\u9898\u7b14\u8bb0\\437. \u8def\u5f84\u603b\u548c III.md": 1577375506.9996092, ".\\14.Leetcode\u5237\u9898\u7b14\u8bb0\\538. \u628a\u4e8c\u53c9\u641c\u7d22\u6811\u8f6c\u6362\u4e3a\u7d2f\u52a0\u6811.md": 1577375507.002116, ".\\14.Leetcode\u5237\u9898\u7b14\u8bb0\\581. \u6700\u77ed\u65e0\u5e8f\u8fde\u7eed\u5b50\u6570\u7ec4.md": 1577375507.0101373, ".\\14.Leetcode\u5237\u9898\u7b14\u8bb0\\1114. \u6309\u5e8f\u6253\u5370.md": 1577375507.0136461, ".\\14.Leetcode\u5237\u9898\u7b14\u8bb0\\1185. \u4e00\u5468\u4e2d\u7684\u7b2c\u51e0\u5929.md": 1577375507.0191622, ".\\15.\u5176\u4ed6\u7b14\u8bb0\\1.\u300a\u6570\u5b66\u4e4b\u7f8e\u300b\u5434\u519b.md": 1577375507.032697, ".\\15.\u5176\u4ed6\u7b14\u8bb0\\2.\u300a\u96c6\u4f53\u667a\u6167\u7f16\u7a0b\u300b.md": 1577375507.0347023, ".\\15.\u5176\u4ed6\u7b14\u8bb0\\3.\u300a\u63a8\u8350\u7cfb\u7edf\u5b9e\u8df5\u300b\u9879\u4eae.md": 1577375507.0372097, ".\\15.\u5176\u4ed6\u7b14\u8bb0\\4.\u300a\u7f16\u7a0b\u73e0\u7391\u300b(\u7b2c2\u7248).md": 1577375507.0472364, ".\\15.\u5176\u4ed6\u7b14\u8bb0\\5.\u300a\u5251\u6307Offer\u300b.md": 1577375507.0497427, ".\\15.\u5176\u4ed6\u7b14\u8bb0\\6.Linux.md": 1577375507.0517476, ".\\15.\u5176\u4ed6\u7b14\u8bb0\\7.Git.md": 1577375507.053753, ".\\15.\u5176\u4ed6\u7b14\u8bb0\\8.\u6b63\u5219\u8868\u8fbe\u5f0f.md": 1577375507.060772, ".\\15.\u5176\u4ed6\u7b14\u8bb0\\9.Hadoop.md": 1577375507.0647824,