{
    ".\\IDEA配置.md": [
        1587853172.7436008,
        3693
    ],
    ".\\关于作笔记这件事.md": [
        1587853172.749967,
        425
    ],
    ".\\微软.NET工程师面试.md": [
        1587853172.753979,
        3738
    ],
    ".\\1.数学基础\\1.简单测试题.md": [
        1587853172.8828099,
        1995
    ],
    ".\\1.数学基础\\2.微积分.md": [
        1587853172.8868237,
        732
    ],
    ".\\1.数学基础\\3.线性代数与矩阵论.md": [
        1587853172.8898351,
        208
    ],
    ".\\1.数学基础\\4.概率论与数理统计.md": [
        1587853172.8918338,
        1112
    ],
    ".\\1.数学基础\\5.最优化.md": [
        1587853172.8948424,
        2855
    ],
    ".\\1.数学基础\\最小二乘法.md": [
        1587853172.8978548,
        46
    ],
    ".\\1.数学基础\\极大似然估计.md": [
        1587853172.9018598,
        157
    ],
    ".\\1.数学基础\\统计中的各种差.md": [
        1587853172.9048686,
        7200
    ],
    ".\\1.数学基础\\最小方差无偏估计.md": [
        1587853172.906874,
        21
    ],
    ".\\10.Python\\1.Python基础之数据类型.md": [
        1587853172.909881,
        35
    ],
    ".\\10.Python\\2.Python基础之面向对象.md": [
        1587853172.912889,
        35
    ],
    ".\\10.Python\\3.Python基础之常用类库.md": [
        1587853172.9158978,
        35
    ],
    ".\\10.Python\\4.Python基础之技巧.md": [
        1587853172.9199178,
        31
    ],
    ".\\10.Python\\5.Python基础之多线程.md": [
        1587853172.9219134,
        33
    ],
    ".\\10.Python\\6.Python之爬虫.md": [
        1587853172.9249225,
        27
    ],
    ".\\11.Java\\1.Java基础之数据类型.md": [
        1587853172.9339602,
        31
    ],
    ".\\11.Java\\2.Java基础之面向对象.md": [
        1587853172.9389594,
        31
    ],
    ".\\11.Java\\3.Java基础之集合.md": [
        1587853172.9409633,
        27
    ],
    ".\\11.Java\\4.Java基础之泛型.md": [
        1587853172.9449756,
        27
    ],
    ".\\11.Java\\5.Java基础之常用类库.md": [
        1587853172.9469798,
        31
    ],
    ".\\11.Java\\6.Java基础之多线程.md": [
        1587853172.9509952,
        29
    ],
    ".\\12.数据结构\\1.线性表.md": [
        1587853172.9529958,
        15
    ],
    ".\\12.数据结构\\2.数组.md": [
        1587853172.9560056,
        13
    ],
    ".\\12.数据结构\\3.字符串.md": [
        1587853172.9590123,
        15
    ],
    ".\\12.数据结构\\4.树.md": [
        1587853172.9620202,
        11
    ],
    ".\\12.数据结构\\5.查找.md": [
        1587853172.9640255,
        13
    ],
    ".\\12.数据结构\\6.排序.md": [
        1587853173.0051346,
        13
    ],
    ".\\12.数据结构\\7.图.md": [
        1587853173.0091455,
        11
    ],
    ".\\12.数据结构\\8.堆.md": [
        1587853173.0141585,
        11
    ],
    ".\\12.数据结构\\9.高级数据结构.md": [
        1587853173.0251887,
        21
    ],
    ".\\13.算法\\1.算法分析.md": [
        1587853173.0281968,
        17
    ],
    ".\\13.算法\\2.分治递归.md": [
        1587853173.03321,
        17
    ],
    ".\\13.算法\\3.贪心.md": [
        1587853173.0492554,
        9
    ],
    ".\\13.算法\\4.动态规划.md": [
        1587853173.0572753,
        19
    ],
    ".\\13.算法\\5.回溯法.md": [
        1587853173.0602834,
        1164
    ],
    ".\\13.算法\\6.分支界定法.md": [
        1587853173.062287,
        21
    ],
    ".\\13.算法\\7.随机化算法.md": [
        1587853173.0642915,
        19
    ],
    ".\\13.算法\\8.摊还分析.md": [
        1587853173.0673141,
        17
    ],
    ".\\14.Leetcode刷题笔记\\10.滑动窗口.md": [
        1587853173.070308,
        396
    ],
    ".\\14.Leetcode刷题笔记\\14.前缀积后缀积.md": [
        1587853173.0733159,
        693
    ],
    ".\\14.Leetcode刷题笔记\\160. 相交链表.md": [
        1587853173.076324,
        1747
    ],
    ".\\14.Leetcode刷题笔记\\189. 旋转数组.md": [
        1587853173.083343,
        888
    ],
    ".\\14.Leetcode刷题笔记\\437. 路径总和 III.md": [
        1587853173.0863507,
        1046
    ],
    ".\\14.Leetcode刷题笔记\\538. 把二叉搜索树转换为累加树.md": [
        1587853173.089359,
        954
    ],
    ".\\14.Leetcode刷题笔记\\581. 最短无序连续子数组.md": [
        1587853173.0923667,
        705
    ],
    ".\\14.Leetcode刷题笔记\\1114. 按序打印.md": [
        1587853173.0943718,
        1464
    ],
    ".\\14.Leetcode刷题笔记\\1185. 一周中的第几天.md": [
        1587853173.0973804,
        1903
    ],
    ".\\15.其他笔记\\1.《数学之美》吴军.md": [
        1587853173.103396,
        25
    ],
    ".\\15.其他笔记\\2.《集体智慧编程》.md": [
        1587853173.1064146,
        25
    ],
    ".\\15.其他笔记\\3.《推荐系统实践》项亮.md": [
        1587853173.1084094,
        29
    ],
    ".\\15.其他笔记\\4.《编程珠玑》(第2版).md": [
        1587853173.1144333,
        31
    ],
    ".\\15.其他笔记\\5.《剑指Offer》.md": [
        1587853173.1194432,
        27
    ],
    ".\\15.其他笔记\\6.Linux.md": [
        1587853173.122449,
        19
    ],
    ".\\15.其他笔记\\7.Git.md": [
        1587853173.124452,
        15
    ],
    ".\\15.其他笔记\\8.正则表达式.md": [
        1587853173.12746,
        19
    ],
    ".\\15.其他笔记\\9.Hadoop.md": [
        1587853173.1294658,
        21
    ],
    ".\\15.其他笔记\\10.Spark.md": [
        1587853173.1324794,
        21
    ],
    ".\\15.其他笔记\\11.《算法分析导论》.md": [
        1587853173.1354823,
        27
    ],
    ".\\15.其他笔记\\12.《数据科学入门》.md": [
        1587853173.1384897,
        27
    ],
    ".\\2.吴恩达2014机器学习\\4.我的笔记\\Lecture1(Introduction).md": [
        1587853173.1455102,
        789
    ],
    ".\\2.吴恩达2014机器学习\\4.我的笔记\\Lecture2(Linear regression with one variable).md": [
        1587853173.152296,
        1339
    ],
    ".\\3.吴恩达CS229\\3.我的笔记\\(11)独立成分分析.md": [
        1587853173.1573107,
        11875
    ],
    ".\\3.吴恩达CS229\\3.我的笔记\\独立成分分析(ICA)与主成分分析(PCA)的区别.md": [
        1587853173.1603186,
        416
    ],
    ".\\4.卿来云2017机器学习\\第1章：机器学习简介.md": [
        1587853173.1643293,
        3171
    ],
    ".\\4.卿来云2017机器学习\\第2章：第一个机器学习实例.md": [
        1587853173.1693437,
        6786
    ],
    ".\\4.卿来云2017机器学习\\第3章：Logistic回归分析及神经网络.md": [
        1587853173.1713488,
        1773
    ],
    ".\\4.卿来云2017机器学习\\第4章：支持向量机(SVM).md": [
        1587853173.174357,
        510
    ],
    ".\\4.卿来云2017机器学习\\第5章：降维与矩阵分解.md": [
        1587853173.1763613,
        131
    ],
    ".\\4.卿来云2017机器学习\\第6章：聚类.md": [
        1587853173.1813765,
        136
    ],
    ".\\4.卿来云2017机器学习\\第7章：特征工程.md": [
        1587853173.185532,
        11
    ],
    ".\\4.卿来云2017机器学习\\第8章：决策树及基于树的集成模型：随机森林.md": [
        1587853173.1875384,
        24
    ],
    ".\\4.卿来云2017机器学习\\第9章：梯度提升决策树（GBDT）.md": [
        1587853173.1895428,
        20
    ],
    ".\\4.卿来云2017机器学习\\第10章：梯度提升决策树（GBDT）二.md": [
        1587853173.1915476,
        22
    ],
    ".\\4.卿来云2017机器学习\\第11章：推荐系统与广告点击率（CTR）预估.md": [
        1587853173.1925507,
        127
    ],
    ".\\4.卿来云2017机器学习\\第12章：广告点击率（CTR）预估和模型融合.md": [
        1587853173.194556,
        25
    ],
    ".\\5.李航《统计机器学习》\\第1章 统计学习方法概论.md": [
        1587853173.1975646,
        9460
    ],
    ".\\5.李航《统计机器学习》\\第2章 感知机.md": [
        1587853173.2025778,
        426
    ],
    ".\\5.李航《统计机器学习》\\第3章 k近邻法.md": [
        1587853173.2055855,
        354
    ],
    ".\\5.李航《统计机器学习》\\第4章 朴素贝叶斯法.md": [
        1587853173.2076,
        558
    ],
    ".\\5.李航《统计机器学习》\\第5章 决策树.md": [
        1587853173.211602,
        515
    ],
    ".\\5.李航《统计机器学习》\\第6章 逻辑斯蒂回归与最大熵模型.md": [
        1587853173.2146094,
        638
    ],
    ".\\5.李航《统计机器学习》\\第7章 支持向量机.md": [
        1587853173.221133,
        819
    ],
    ".\\5.李航《统计机器学习》\\第8章 提升方法.md": [
        1587853173.2251427,
        521
    ],
    ".\\5.李航《统计机器学习》\\第9章 EM算法及其推广.md": [
        1587853173.2271478,
        613
    ],
    ".\\5.李航《统计机器学习》\\第10章 隐马尔可夫模型.md": [
        1587853173.2301562,
        593
    ],
    ".\\5.李航《统计机器学习》\\第11章 条件随机场.md": [
        1587853173.2361727,
        691
    ],
    ".\\5.李航《统计机器学习》\\第12章 统计学习方法总结.md": [
        1587853173.2381775,
        185
    ],
    ".\\6.周志华《机器学习》\\第1章 绪论.md": [
        1587853173.2411854,
        235
    ],
    ".\\6.周志华《机器学习》\\第2章 模型评估与选择.md": [
        1587853173.244193,
        234
    ],
    ".\\6.周志华《机器学习》\\第3章 线性模型.md": [
        1587853173.250506,
        248
    ],
    ".\\6.周志华《机器学习》\\第4章 决策树.md": [
        1587853173.2560256,
        230
    ],