{
    ".\\关于作笔记这件事.md": [
        1577444233.964883,
        425
    ],
    ".\\微软.NET工程师面试.md": [
        1577444233.970868,
        3738
    ],
    ".\\1.数学基础\\1.简单测试题.md": [
        1577444234.0440938,
        1995
    ],
    ".\\1.数学基础\\2.微积分.md": [
        1577444234.0470707,
        15
    ],
    ".\\1.数学基础\\3.线性代数.md": [
        1577444234.0540893,
        17
    ],
    ".\\1.数学基础\\4.概率论与数理统计.md": [
        1577444234.0561037,
        25
    ],
    ".\\1.数学基础\\5.最优化.md": [
        1577444234.0591033,
        57
    ],
    ".\\1.数学基础\\最小二乘法.md": [
        1577444234.061108,
        46
    ],
    ".\\1.数学基础\\极大似然估计.md": [
        1577444234.0631135,
        157
    ],
    ".\\1.数学基础\\统计中的各种差.md": [
        1577444234.0661228,
        7200
    ],
    ".\\1.数学基础\\最小方差无偏估计.md": [
        1577444234.0681276,
        21
    ],
    ".\\10.Python\\1.Python基础之数据类型.md": [
        1577444234.0711632,
        35
    ],
    ".\\10.Python\\2.Python基础之面向对象.md": [
        1577444234.0731404,
        35
    ],
    ".\\10.Python\\3.Python基础之常用类库.md": [
        1577444234.076148,
        35
    ],
    ".\\10.Python\\4.Python基础之技巧.md": [
        1577444234.0781543,
        31
    ],
    ".\\10.Python\\5.Python基础之多线程.md": [
        1577444234.0801597,
        33
    ],
    ".\\10.Python\\6.Python之爬虫.md": [
        1577444234.0831668,
        27
    ],
    ".\\11.Java\\1.Java基础之数据类型.md": [
        1577444234.0861747,
        31
    ],
    ".\\11.Java\\2.Java基础之面向对象.md": [
        1577444234.0892107,
        31
    ],
    ".\\11.Java\\3.Java基础之集合.md": [
        1577444234.091189,
        27
    ],
    ".\\11.Java\\4.Java基础之泛型.md": [
        1577444234.0941975,
        27
    ],
    ".\\11.Java\\5.Java基础之常用类库.md": [
        1577444234.0962071,
        31
    ],
    ".\\11.Java\\6.Java基础之多线程.md": [
        1577444234.0992098,
        29
    ],
    ".\\12.数据结构\\1.线性表.md": [
        1577444234.101217,
        15
    ],
    ".\\12.数据结构\\2.数组.md": [
        1577444234.104225,
        13
    ],
    ".\\12.数据结构\\3.字符串.md": [
        1577444234.106228,
        15
    ],
    ".\\12.数据结构\\4.树.md": [
        1577444234.1092389,
        11
    ],
    ".\\12.数据结构\\5.查找.md": [
        1577444234.1122575,
        13
    ],
    ".\\12.数据结构\\6.排序.md": [
        1577444234.1142502,
        13
    ],
    ".\\12.数据结构\\7.图.md": [
        1577444234.1182678,
        11
    ],
    ".\\12.数据结构\\8.堆.md": [
        1577444234.1222713,
        11
    ],
    ".\\12.数据结构\\9.高级数据结构.md": [
        1577444234.125292,
        21
    ],
    ".\\13.算法\\1.算法分析.md": [
        1577444234.1272845,
        17
    ],
    ".\\13.算法\\2.分治递归.md": [
        1577444234.1302927,
        17
    ],
    ".\\13.算法\\3.贪心.md": [
        1577444234.1333005,
        9
    ],
    ".\\13.算法\\4.动态规划.md": [
        1577444234.137317,
        19
    ],
    ".\\13.算法\\5.回溯法.md": [
        1577444234.1433277,
        1164
    ],
    ".\\13.算法\\6.分支界定法.md": [
        1577444234.1453326,
        21
    ],
    ".\\13.算法\\7.随机化算法.md": [
        1577444234.1473384,
        19
    ],
    ".\\13.算法\\8.摊还分析.md": [
        1577444234.1523614,
        17
    ],
    ".\\14.Leetcode刷题笔记\\10.滑动窗口.md": [
        1577444234.1553593,
        396
    ],
    ".\\14.Leetcode刷题笔记\\14.前缀积后缀积.md": [
        1577444234.1573646,
        693
    ],
    ".\\14.Leetcode刷题笔记\\160. 相交链表.md": [
        1577444234.1603725,
        1747
    ],
    ".\\14.Leetcode刷题笔记\\189. 旋转数组.md": [
        1577444234.1623776,
        888
    ],
    ".\\14.Leetcode刷题笔记\\437. 路径总和 III.md": [
        1577444234.1663883,
        1046
    ],
    ".\\14.Leetcode刷题笔记\\538. 把二叉搜索树转换为累加树.md": [
        1577444234.1683939,
        954
    ],
    ".\\14.Leetcode刷题笔记\\581. 最短无序连续子数组.md": [
        1577444234.1764166,
        705
    ],
    ".\\14.Leetcode刷题笔记\\1114. 按序打印.md": [
        1577444234.1804254,
        1464
    ],
    ".\\14.Leetcode刷题笔记\\1185. 一周中的第几天.md": [
        1577444234.1824307,
        1903
    ],
    ".\\15.其他笔记\\1.《数学之美》吴军.md": [
        1577444234.1884563,
        25
    ],
    ".\\15.其他笔记\\2.《集体智慧编程》.md": [
        1577444234.191455,
        25
    ],
    ".\\15.其他笔记\\3.《推荐系统实践》项亮.md": [
        1577444234.1934607,
        29
    ],
    ".\\15.其他笔记\\4.《编程珠玑》(第2版).md": [
        1577444234.197471,
        31
    ],
    ".\\15.其他笔记\\5.《剑指Offer》.md": [
        1577444234.199483,
        27
    ],
    ".\\15.其他笔记\\6.Linux.md": [
        1577444234.2024846,
        19
    ],
    ".\\15.其他笔记\\7.Git.md": [
        1577444234.2054932,
        15
    ],
    ".\\15.其他笔记\\8.正则表达式.md": [
        1577444234.2085016,
        19
    ],
    ".\\15.其他笔记\\9.Hadoop.md": [
        1577444234.213528,
        21
    ],
    ".\\15.其他笔记\\10.Spark.md": [
        1577444234.2155206,
        21
    ],
    ".\\15.其他笔记\\11.《算法分析导论》.md": [
        1577444234.2185268,
        27
    ],
    ".\\15.其他笔记\\12.《数据科学入门》.md": [
        1577444234.2235527,
        27
    ],
    ".\\2.吴恩达2014机器学习\\4.我的笔记\\Lecture1(Introduction).md": [
        1577444234.2315617,
        789
    ],
    ".\\2.吴恩达2014机器学习\\4.我的笔记\\Lecture2(Linear regression with one variable).md": [
        1577444234.2335672,
        1339
    ],
    ".\\3.吴恩达CS229\\3.我的笔记\\(11)独立成分分析.md": [
        1577444234.239586,
        11875
    ],
    ".\\3.吴恩达CS229\\3.我的笔记\\独立成分分析(ICA)与主成分分析(PCA)的区别.md": [
        1577444234.2415886,
        416
    ],
    ".\\4.卿来云2017机器学习\\第六章：聚类.md": [
        1577444234.2445962,
        136
    ],
    ".\\4.卿来云2017机器学习\\第七章：特征工程.md": [
        1577444234.247605,
        11
    ],
    ".\\4.卿来云2017机器学习\\第四章：支持向量机(SVM).md": [
        1577444234.2516153,
        510
    ],
    ".\\4.卿来云2017机器学习\\第一章：机器学习简介.md": [
        1577444234.256629,
        3171
    ],
    ".\\4.卿来云2017机器学习\\第二章：第一个机器学习实例.md": [
        1577444234.260639,
        6786
    ],
    ".\\4.卿来云2017机器学习\\第五章：降维与矩阵分解.md": [
        1577444234.26265,
        131
    ],
    ".\\4.卿来云2017机器学习\\第三章：Logistic回归分析及神经网络.md": [
        1577444234.2646496,
        1773
    ],
    ".\\4.卿来云2017机器学习\\第九章：梯度提升决策树（GBDT）.md": [
        1577444234.2666554,
        20
    ],
    ".\\4.卿来云2017机器学习\\第十章：梯度提升决策树（GBDT）二.md": [
        1577444234.2696638,
        21
    ],
    ".\\4.卿来云2017机器学习\\第一十二章：广告点击率（CTR）预估和模型融合.md": [
        1577444234.2716737,
        26
    ],
    ".\\4.卿来云2017机器学习\\第八章：决策树及基于树的集成模型：随机森林.md": [
        1577444234.2736735,
        24
    ],
    ".\\4.卿来云2017机器学习\\第一十一章：推荐系统与广告点击率（CTR）预估.md": [
        1577444234.2746768,
        128
    ],
    ".\\5.李航《统计机器学习》\\第1章 统计学习方法概论.md": [
        1577541923.8974583,
        9460
    ],
    ".\\5.李航《统计机器学习》\\第2章 感知机.md": [
        1577444234.2837083,
        426
    ],
    ".\\5.李航《统计机器学习》\\第3章 k近邻法.md": [
        1577444234.2897172,
        354
    ],
    ".\\5.李航《统计机器学习》\\第4章 朴素贝叶斯法.md": [
        1577444234.293727,
        558
    ],
    ".\\5.李航《统计机器学习》\\第5章 决策树.md": [
        1577444234.2957327,
        515
    ],
    ".\\5.李航《统计机器学习》\\第6章 逻辑斯蒂回归与最大熵模型.md": [
        1577444234.2977402,
        638
    ],
    ".\\5.李航《统计机器学习》\\第7章 支持向量机.md": [
        1577444234.299747,
        819
    ],
    ".\\5.李航《统计机器学习》\\第8章 提升方法.md": [
        1577444234.3057604,
        521
    ],
    ".\\5.李航《统计机器学习》\\第9章 EM算法及其推广.md": [
        1577444234.3077648,
        613
    ],
    ".\\5.李航《统计机器学习》\\第10章 隐马尔可夫模型.md": [
        1577444234.3107781,
        593
    ],
    ".\\5.李航《统计机器学习》\\第11章 条件随机场.md": [
        1577444234.3127785,
        691
    ],
    ".\\5.李航《统计机器学习》\\第12章 统计学习方法总结.md": [
        1577444234.3157866,
        185
    ],
    ".\\6.周志华《机器学习》\\第1章 绪论.md": [
        1577444234.3228042,
        235
    ],
    ".\\6.周志华《机器学习》\\第2章 模型评估与选择.md": [
        1577444234.324811,
        234
    ],
    ".\\6.周志华《机器学习》\\第3章 线性模型.md": [
        1577444234.3278182,
        248
    ],
    ".\\6.周志华《机器学习》\\第4章 决策树.md": [
        1577444234.329823,
        230
    ],
    ".\\6.周志华《机器学习》\\第5章 神经网络.md": [
        1577444234.3308256,
        258
    ],